name,brand,sku,price,currency,pack_size,availability,category_path,url,description,image_urls,specifications,extraction_method,extraction_confidence,fields_via_llm,extracted_at
Surgifoam®,Ethicon,PFPJK,214.49,USD,,in_stock,"[""Sutures & Surgical Products""]",https://www.safcodental.com/product/surgifoam-reg,"Sterile, water insoluble, malleable porcine gelatin absorbable sponge, intended for hemostatic use by applying to a bleeding surface.Use in oral surgery for the obliteration of dead space created by simple extraction, root amputation and removal of cysts, tumors and impacted teeth.Rapid hemostasis.Easy to handle: compressible, does not require any cutting.Absorbs up to 40 times its own weight.Bioresorbable.The sponge is porous and off-white in appearance.","[""https://www.safcodental.com/media/catalog/product/p/f/pfpjk.jpg?optimize=medium&fit=bounds&height=700&width=700&canvas=700:700""]",{},selector,1.0,[],2026-05-05T20:29:05.582100Z
Regenafill™ Bone Graft Plug,Surgical Esthetics,PFWRL,259.99,USD,,in_stock,"[""Sutures & Surgical Products""]",https://www.safcodental.com/product/regenafill-sup-trade-sup-bone-graft-plug,"Composed of 80% carbonate phosphate based mineral with a carbonate apatite structure combined with 20% Type I Achilles bovine tendon collagen. This mineral is physically and chemically comparable to the mineralized matrix of human bone, which makes it an excellent choice for socket preservation. No membrane needed in most cases.Intended for use in dental surgery including:• Augmentation or reconstructive treatment of the alveolar ridge.• Filling of infrabony periodontal defects.• Filling of defects after root resection, apicoectomy, and cystectomy.• Filling of extraction sockets to enhance preservation of alveolar ridge.• Elevation of the maxillary sinus floor.• Filling of periodontal defects in conjunction with GTR.• Filling of peri-implant defects in conjunction with GBR.","[""https://www.safcodental.com/media/catalog/product/p/f/pfwrl.jpg?optimize=medium&fit=bounds&height=700&width=700&canvas=700:700""]",{},selector,1.0,[],2026-05-05T20:29:07.698474Z
Ossify® Cortical Bone Sheet,Surgical Esthetics,PFWRG,149.49,USD,,in_stock,"[""Sutures & Surgical Products""]",https://www.safcodental.com/product/ossify-sup-reg-sup-cortical-bone-sheet,"Ossify Bone Sheet is 100% laminar cortical bone that has been demineralized, which makes it flexible allowing it to be contoured, molded and trimmed. This enables it to be used as a membrane and can be screwed, tacked or sutured into place. It can be placed alone or in combination with particulate allograft to regenerate larger defects. It comes pre-hydrated and ready to use.","[""https://www.safcodental.com/media/catalog/product/p/f/pfwrg.jpg?optimize=medium&fit=bounds&height=700&width=700&canvas=700:700""]",{},selector,1.0,[],2026-05-05T20:29:09.590980Z
Ossify® DBM Cortical Fiber Bone Graft,Surgical Esthetics,PFWRF,121.49,USD,,in_stock,"[""Sutures & Surgical Products""]",https://www.safcodental.com/product/ossify-sup-reg-sup-dbm-cortical-fiber-bone-graft,"Ossify DBM Fiber is a next generation bone allograft composed of interwoven demineralized cortical bone fibers. It is configured both by itself and with the addition of 1-1.5mm mineralized cancellous particles. This unique allograft provides an ideal scaffold for bone formation with its extremely high surface area and its optimum shape conforming properties, making it highly osteoconductive. In addition, it has great osteoinductive potential due to the specialized demineralized process. The graft hydrates very uniformly with PRP, blood or saline for maximum handling. It can be used in a variety of surgical applications, including socket grafting, GBR, sinus augmentation, and other bone grafting procedures.","[""https://www.safcodental.com/media/catalog/product/p/f/pfwrf.jpg?optimize=medium&fit=bounds&height=700&width=700&canvas=700:700""]",{},selector,1.0,[],2026-05-05T20:29:12.186318Z
Ossify® Min/Demin Cortical Cancellous Bone Graft,Surgical Esthetics,PFWRE,79.99,USD,,in_stock,"[""Sutures & Surgical Products""]",https://www.safcodental.com/product/ossify-sup-reg-sup-min-demin-cortical-cancellous-bone-graft,"Ossify Min/Demin Cortical Cancellous Bone Allograft is a versatile, all-in-one bone graft designed to promote optimal bone regeneration across a wide range of clinical applications. Composed of a 50/50 blend of cortical and cancellous bone, the graft features 30% demineralized bone, leaving 70% of the material mineralized. This unique formulation enhances both osteoconductive and osteoinductive properties, supporting superior bone healing. Suitable for a variety of bone regeneration procedures, including socket grafting, ridge preservation, guided bone regeneration (GBR), and sinus augmentation. 0.5 – 1.0mm particle size.","[""https://www.safcodental.com/media/catalog/product/p/f/pfwre.jpg?optimize=medium&fit=bounds&height=700&width=700&canvas=700:700""]",{},selector,1.0,[],2026-05-05T20:29:13.738296Z
OSSIF-i sem™,Surgical Esthetics,PFWRD,41.49,USD,,in_stock,"[""Sutures & Surgical Products""]",https://www.safcodental.com/product/ossif-i-sem-trade,"Mineralized cancellous bone allograftIdeal for filling periodontal defects, extraction sockets, apicoectomy and root-resection. Can be used in conjunction with placement of dental implants. Double-sterile packaged jars can be taken directly to the sterile surgical site; material does not need to be transferred to another container.Mineralized cortical/cancellous bone allograftExcellent osteoconductive scaffold used in a variety of surgical procedures, including: extraction socket grafting, implant placement, osseous ridge repair, and sinus augmentations. Outstanding inner porosity and surface area, promotes clot formation and consistent, stable ossification and space maintenance. Double-sterile packaged jars; material does not need to be transferred to another container.Demineralized cancellous bone allograft sponge stripsPliable and resilient sponge matrix that can be adapted to numerous clinical needs including horizontal or vertical ridge augmentation, extraction sockets, recession defects, and can be used in conjunction with the placement of dental implants. Quickly becomes well vascularized following placement, and acts as an osteoconductive and osteoinductive scaffold for bone formation.","[""https://www.safcodental.com/media/catalog/product/p/f/pfwrd.jpg?optimize=medium&fit=bounds&height=700&width=700&canvas=700:700""]",{},selector,1.0,[],2026-05-05T20:29:15.761938Z
Foundation™,J. Morita,PFWEG,420.49,USD,,in_stock,"[""Sutures & Surgical Products""]",https://www.safcodental.com/product/foundation-trade,"A collagen-based bone augmentation material that is placed into the socket immediately following an extraction to provide support for implants, bridges, and dentures.Promotes bone growth after tooth extraction, allowing implants to be placed in as early as 8 weeks.The surrounding cells and capillaries gradually infiltrate; as the extraction socket heals, it becomes filled with new augmented bone.Easy-to-place, “bullet-shaped” pellets are individually packaged in sterile containers.","[""https://www.safcodental.com/media/catalog/product/p/f/pfweg.jpg?optimize=medium&fit=bounds&height=700&width=700&canvas=700:700""]",{},selector,1.0,[],2026-05-05T20:29:17.490890Z
"OraSoothe® ""SOCKIT"" Gel",Septodont,PFPGH,9.99,USD,,in_stock,"[""Sutures & Surgical Products""]",https://www.safcodental.com/product/orasoothe-reg-sockit-gel,"Hydrogel dressing treats intraoral wounds and lesions. Provides fast, continuous pain relief without numbing. Protects from chemical and microbial contamination and promotes optimal healing.Contains no drugs, and has no toxicity or contraindications. Safe if swallowed. Individual 10g syringes are ideal for both in-office and take-home use. FDA approved.Please note:SOCKIT! Gel has changed its name. This product has transitioned toOraSoothe ""SOCKIT"" Gel. The product is the same - only the name has changed.","[""https://www.safcodental.com/media/catalog/product/p/f/pfpgh.jpg?optimize=medium&fit=bounds&height=700&width=700&canvas=700:700""]",{},selector,1.0,[],2026-05-05T20:29:19.742234Z
Perma Sharp® sutures,Hu-Friedy,PFEDB,71.99,USD,,in_stock,"[""Sutures & Surgical Products""]",https://www.safcodental.com/product/perma-sharp-reg-sutures,"Suture needles are made from Series 300 Stainless Steel, the ideal alloy for dental sutures. This alloy allows a very fine point geometry, stays sharp throughout the suturing procedure and is less likely to bend and more resistant to breakage. In addition, the needles have a high-polished finish for a smoother penetration.For Perma Sharp® Sutures Chart along with additional information,click here.","[""https://www.safcodental.com/media/catalog/product/p/f/pfedb.jpg?optimize=medium&fit=bounds&height=700&width=700&canvas=700:700""]",{},selector,1.0,[],2026-05-05T20:29:23.494105Z
Safco SureStitch™ sutures,Safco,PFEMN,30.49,USD,,in_stock,"[""Sutures & Surgical Products""]",https://www.safcodental.com/product/safco-surestitch-trade-sutures,"Extra sharp cutting edges on the needle reduce tissue drag and produce a precise, smooth penetration with minimal trauma. Needle channel is fitted to the specific size of the suture material. Excellent handling and tying characteristics. Reverse cutting.Plain gut (catgut):Made of first quality raw material, catgut has extremely high tensile strength. Every strand is precision polished to a uniform diameter, permitting smooth and secure knotting.Chromic gut (catgut):Produced with the same precision and quality materials as plain gut, plus treated with chromic acid salts to decrease tissue reactivity and provide a slower absorption rate.Black braided silk:Noncapillary silk has excellent handling and tying characteristics. Modern braiding technique provides a uniform smooth surface and a greater tensile strength.Nylon black monofilament:A non-absorbable polyamide suture with characteristic high tensile strength. The uniform smooth surface permits easy passage through tissue.For Safco SureStitch™ Sutures Chart along with additional information,click here.","[""https://www.safcodental.com/media/catalog/product/p/f/pfemn.jpg?optimize=medium&fit=bounds&height=700&width=700&canvas=700:700""]",{},selector,1.0,[],2026-05-05T20:29:25.452804Z
HeliPlug®,Integra Miltex,PFWQW,145.49,USD,,in_stock,"[""Sutures & Surgical Products""]",https://www.safcodental.com/product/heliplug-reg,Hemostatic absorbable collagen material derived from bovine tendon. Promotes tissue growth by providing a scaffold-like structure. Its cylindrical shape is ideal for extraction and biopsy sites. Indicated for application to moist or bleeding oral wounds created during dental surgery to control bleeding and protect the surface of the wound from further injury. Absorbs within 10 to 14 days.,"[""https://www.safcodental.com/media/catalog/product/p/f/pfwqw.jpg?optimize=medium&fit=bounds&height=700&width=700&canvas=700:700""]",{},selector,1.0,[],2026-05-05T20:29:26.542341Z
HealiAid® Collagen,Surgical Esthetics,PFWQM,106.99,USD,,in_stock,"[""Sutures & Surgical Products""]",https://www.safcodental.com/product/healiaid-reg-strong-nbsp-strong-collagen,"White, porous, pliable and absorbable collagen wound dressing.Common uses:Extraction socket graft coverage.Hemostasis.3rdmolar extractions.Soft tissue repair.Free-gingival graft donor sites.Features and benefits:Highly purified Type I bovine collagen.High density for added resilience.Easily trimmed according to clinical needs.Fully absorbable.Can easily be shaped by hand.Individually packaged and sterile.","[""https://www.safcodental.com/media/catalog/product/p/f/pfwqm.jpg?optimize=medium&fit=bounds&height=700&width=700&canvas=700:700""]",{},selector,1.0,[],2026-05-05T20:29:28.863706Z
HemoStat™,Medicom,PFPFT,118.49,USD,,in_stock,"[""Sutures & Surgical Products""]",https://www.safcodental.com/product/hemostat-sup-trade-sup,"Topical hemostatic dressing in the form of a sterile fabric prepared by the chemical treatment of regenerated cellulose. Provides safe and effective control of bleeding for extractions and periodontal surgery.When the fabric comes into contact with blood or fluids, it expands and transforms to a clear, viscous gel which fills voids and seals capillary ends to help stop bleeding.","[""https://www.safcodental.com/media/catalog/product/p/f/pfpft.jpg?optimize=medium&fit=bounds&height=700&width=700&canvas=700:700""]",{},selector,1.0,[],2026-05-05T20:29:30.591013Z
Soft Tissue Trimmer,Kerr Rotary,PFLWH,139.99,USD,,in_stock,"[""Sutures & Surgical Products""]",https://www.safcodental.com/product/soft-tissue-trimmer,FG bur designed for soft tissue surgery. Can be used as an alternative to electrosurgery and surgical blades; functions as a rotating scalpel for soft tissue that promotes coagulation for minimal bleeding. Biocompatible hard oxide point cuts tissue without burning. Autoclavable.,"[""https://www.safcodental.com/media/catalog/product/p/f/pflwh.jpg?optimize=medium&fit=bounds&height=700&width=700&canvas=700:700""]",{},selector,1.0,[],2026-05-05T20:29:33.096771Z
Feather® Microsurgical Blades,J. Morita,PFLVV,89.99,USD,,in_stock,"[""Sutures & Surgical Products""]",https://www.safcodental.com/product/feather-sup-reg-nbsp-sup-microsurgical-blades,"Advanced instrument system of interchangeable blades and handles.Ultra-sharp, retains cutting efficiency.Ideal for microsurgery & use with a microscope.Optimal shapes & blade thickness.Small tips for surgical precision.Variety of applications including periodontal & regenerative surgery.Multiple handle designs.Made of high-quality stainless steelAll blades are gamma-sterilized and can be used immediately after opening the package.","[""https://www.safcodental.com/media/catalog/product/p/f/pflvv.jpg?optimize=medium&fit=bounds&height=700&width=700&canvas=700:700""]",{},selector,1.0,[],2026-05-05T20:29:35.134018Z
Sterile water for injection - B Braun,B Braun,PFXKQ,80.99,USD,,in_stock,"[""Sutures & Surgical Products""]",https://www.safcodental.com/product/sterile-water-for-injection-b-braun,"Due to supply chain disruptions, we are unable to accept backorders until the item is back in stock.Clear, colorless, odorless liquid. Sterile, hypotonic, nonpyrogenic, and contains no bacteriostatic or antimicrobial agents. EXCEL®IV bags feature a sturdy port system and are not manufactured with latex, PVC or DEHP.Click here to see full prescribing information","[""https://www.safcodental.com/media/catalog/product/p/f/pfxkq.jpg?optimize=medium&fit=bounds&height=700&width=700&canvas=700:700""]",{},selector,1.0,[],2026-05-05T20:29:41.153973Z
Sodium chloride 0.9% for injection - Baxter,Baxter Healthcare,PFXHK,73.99,USD,,in_stock,"[""Sutures & Surgical Products""]",https://www.safcodental.com/product/sodium-chloride-0-9-for-injection-baxter,"Due to supply chain disruptions, we are unable to accept backorders until the item is back in stock.0.9% sodium chloride injection. Viaflex IV injection plastic container. USP sterile disposable port closure. Not made with natural rubber latex.","[""https://www.safcodental.com/media/catalog/product/p/f/pfxhk.jpg?optimize=medium&fit=bounds&height=700&width=700&canvas=700:700""]",{},selector,1.0,[],2026-05-05T20:29:43.524107Z
Sodium chloride 0.9% for injection - B Braun,B Braun,PFXHJ,63.29,USD,,in_stock,"[""Sutures & Surgical Products""]",https://www.safcodental.com/product/sodium-chloride-0-9-for-injection-b-braun,"Due to supply chain disruptions, we are unable to accept backorders until the item is back in stock.Indicated for extracellular fluid replacement, treatment of metabolic alkalosis in the presence of fluid loss and mild sodium depletion.Note:250ml bags and 500ml bags come in EXCEL®IV bags, which feature a sturdy port system.1,000ml bags come inbothE3 bags, which have rounded shoulders, no overwrap, a seamless design, and the EXCEL®IV bags, which feature a sturdy port system.Both the EXCEL® and E3 bags are not manufactured with latex, PVC or DEHP.Click here to see full prescribing information","[""https://www.safcodental.com/media/catalog/product/p/f/pfxhj.jpg?optimize=medium&fit=bounds&height=700&width=700&canvas=700:700""]",{},selector,1.0,[],2026-05-05T20:29:45.562322Z
Lactated Ringer's,B Braun,PFXER,70.49,USD,,in_stock,"[""Sutures & Surgical Products""]",https://www.safcodental.com/product/lactated-ringer-s,"Due to supply chain disruptions, we are unable to accept backorders until the item is back in stock.Sterile, nonpyrogenic and contains no bacteriostatic or antimicrobial agents. Indicated for use in adults and pediatric patients as a source of electrolytes and water for hydration. EXCEL®IV bags feature a sturdy port system and are not manufactured with latex, PVC or DEHP.Click here to see full prescribing information","[""https://www.safcodental.com/media/catalog/product/p/f/pfxer.jpg?optimize=medium&fit=bounds&height=700&width=700&canvas=700:700""]",{},selector,1.0,[],2026-05-05T20:29:46.923978Z
IV administration sets,B Braun,PFXCT,174.29,USD,,in_stock,"[""Sutures & Surgical Products""]",https://www.safcodental.com/product/iv-administration-sets,"SafeDay IV administration sets are indicated for 24-hour use. Components are not made with DEHP, latex or natural rubber. Sterile packaging permits direct placement of set on sterile field. Cost-effective needle-free access ports are designed to provide an effective barrier against microbial contamination.","[""https://www.safcodental.com/media/catalog/product/p/f/pfxct.jpg?optimize=medium&fit=bounds&height=700&width=700&canvas=700:700""]",{},selector,1.0,[],2026-05-05T20:29:49.615936Z
DentalProX VeraGraft™ Dental Powder,DentalProX,PFWVG,28.99,USD,,in_stock,"[""Sutures & Surgical Products""]",https://www.safcodental.com/product/dentalprox-veragraft-trade-dental-powder,"Safe alternative to an autograft with no need for a second surgical siteOsteoconductiveUsed for volumetric enhancement, space maintenance, and faster remodelingSterile ground dental powder is available in cortical, cancellous and a cortical/cancellous mix.Validated to a sterility assurance level (SAL) of 10(-6) in accordance with ISO 11137-2 Method 1.","[""https://www.safcodental.com/media/catalog/product/p/f/pfwvg.jpg?optimize=medium&fit=bounds&height=700&width=700&canvas=700:700""]",{},selector,1.0,[],2026-05-05T20:29:51.484375Z
R.T.R. Membrane,Septodont,PFWRX,108.99,USD,,in_stock,"[""Sutures & Surgical Products""]",https://www.safcodental.com/product/r-t-r-membrane,"Biocompatible Type I bovine Achilles tendon collagen. The absorbable, implantable material creates a barrier to protect PDL development from fast growing tissues. Supports wound stabilization and allows essential nutrients to pass through.Indicated for GTR procedures.Absorbable within 4-8 weeks.Appears white in the dry state; translucent and non-slippery when wet.Cut to size and shape.","[""https://www.safcodental.com/media/catalog/product/p/f/pfwrx.jpg?optimize=medium&fit=bounds&height=700&width=700&canvas=700:700""]",{},selector,1.0,[],2026-05-05T20:29:53.536867Z
R.T.R.+ Syringe,Septodont,PFWRU,152.99,USD,,in_stock,"[""Sutures & Surgical Products""]",https://www.safcodental.com/product/r-t-r-syringe,"Sterile and fully resorbable synthetic bone grafting material. Ideal osteogenic matrix mimics human bone. Available in 2 biphasic β-TCP (β-Tricalcium phosphate) / Hydroxyapatite formulations:40%/60%: New bone formation gradually forms at the same pace as natural bone.80%/20%: New natural bone will generate at an accelerated pace.Indications include: post-extraction socket preservation, periodontal defects, infrabony defects, peri-implant defects, sinus lift, ridge augmentation, and cystic cavities.","[""https://www.safcodental.com/media/catalog/product/p/f/pfwru.jpg?optimize=medium&fit=bounds&height=700&width=700&canvas=700:700""]",{},selector,1.0,[],2026-05-05T20:29:55.257747Z
HeliMend™ and HeliMend™ Advanced,Integra Miltex,PFWQP,102.59,USD,,in_stock,"[""Sutures & Surgical Products""]",https://www.safcodental.com/product/helimend-trade-and-helimend-trade-advanced,"Please note: These products are on backorder with indefinite delivery.Safco will not be accepting orders for these products until inventory is received.Absorbable collagen membranes made from purified bovine tendon. Provides wound stabilization and creates space during guided tissue regeneration where a longer absorption rate is desired. Material is pliable and does not become slippery when hydrated.Indicated for guided tissue regeneration procedures in periodontal defects to enhance regeneration of the periodontal apparatus. Sterile, individually packed (1 per box).HeliMend– Absorbs in 4 to 8 weeks.HeliMend Advanced– Absorbs in 18 weeks.","[""https://www.safcodental.com/media/catalog/product/p/f/pfwqp.jpg?optimize=medium&fit=bounds&height=700&width=700&canvas=700:700""]",{},selector,1.0,[],2026-05-05T20:29:57.479399Z
Guidor® easy-graft® Classic,Collagen Matrix Inc,PFWQJ,236.99,USD,,in_stock,"[""Sutures & Surgical Products""]",https://www.safcodental.com/product/guidor-reg-e-em-asy-graft-reg-em-classic,"Synthetic particulate bone grafting material designed to be syringed directly into the bone defect. Hardens into a stable, porous scaffold in approximately one minute, eliminating the need for a dental membrane in many cases. Fully resorbable.","[""https://www.safcodental.com/media/catalog/product/p/f/pfwqj.jpg?optimize=medium&fit=bounds&height=700&width=700&canvas=700:700""]",{},selector,1.0,[],2026-05-05T20:29:59.495181Z
COLLASHIELD™ Collagen Membrane,Surgical Esthetics,PFWCC,128.99,USD,,in_stock,"[""Sutures & Surgical Products""]",https://www.safcodental.com/product/collashield-trade-collagen-membrane,"Fully resorbable (16 weeks) purified porcine Type-I peritoneum membrane for osteogenesis during extraction socket preservation, ridge augmentation, periodontal defect repair or other grafting procedures.Common uses:Extraction ridge preservation.Periodontal defect repair.Vertical and horizontal ridge augmentation.Bone regeneration around teeth and implants.Sinus augmentation.Membrane technique utilizing tacks.Features and benefits:Highly purified porcine peritoneum tissue.Excellent biocompatibility.Easily trimmed and adapted to defect site.Mechanically strong, yet drapable.Fully absorbable.Cell occlusive - inhibits undesired epithelial ingrowth.Can be tacked or sutured in place.","[""https://www.safcodental.com/media/catalog/product/p/f/pfwcc.jpg?optimize=medium&fit=bounds&height=700&width=700&canvas=700:700""]",{},selector,1.0,[],2026-05-05T20:30:01.553963Z
Coldstar Disposable Instant Non-Insulated Cold Pack,Coldstar,PFVJJ,20.99,USD,,in_stock,"[""Sutures & Surgical Products""]",https://www.safcodental.com/product/coldstar-disposable-instant-non-insulated-cold-pack,"Use in first aid treatment of: Bumps and Bruises, Sprains, Fractures, Minor Burns, Snake Bites, Insect Bites, Minor Bleeding, Nosebleeds, Headaches, Toothaches, Fever, Backaches, Sunstroke, Dislocations, Fatigue, Itching, Cramping, etc.Squeeze, Shake, ApplyInstantly ColdFDA ApprovedSuperior QualityReaches therapeutic controlled temp every timeSafeTime savingProvides maximum efficiencyNon smear printMade in the USA","[""https://www.safcodental.com/media/catalog/product/p/f/pfvjj.jpg?optimize=medium&fit=bounds&height=700&width=700&canvas=700:700""]",{},selector,1.0,[],2026-05-05T20:30:03.533303Z
Instant Cold Pack,Halyard,PFVGG,22.99,USD,,in_stock,"[""Sutures & Surgical Products""]",https://www.safcodental.com/product/instant-cold-pack,Flexible single use cold pack provides 20 minutes of therapy. Squeeze to activate; no need for refrigeration. Plastic outer wrap.,"[""https://www.safcodental.com/media/catalog/product/p/f/pfvgg.jpg?optimize=medium&fit=bounds&height=700&width=700&canvas=700:700""]",{},selector,1.0,[],2026-05-05T20:30:05.514456Z
HYBENX®,Epien Medical,PFSPP,133.79,USD,,in_stock,"[""Sutures & Surgical Products""]",https://www.safcodental.com/product/hybenx-sup-reg-sup,"FDA-approved non-antibiotic cleanser and chemical desiccant that quickly eradicates biofilm from infected tissue surfaces without impacting healthy tissues. Safely debrides, coagulates, seals and reduces bleeding and pain, allowing the body to use its own defenses to promote natural healing.Antibiotic-free way to treat periodontal disease.Acts as a hemostatic.Flows easily into pits, furcations and deep pockets to effectively remove pathogens.Application takes seconds.Safe on dentin, enamel, porcelain and titanium.","[""https://www.safcodental.com/media/catalog/product/p/f/pfspp.jpg?optimize=medium&fit=bounds&height=700&width=700&canvas=700:700""]",{},selector,1.0,[],2026-05-05T20:30:07.764249Z
Coe-Pak™ Automix NDS,GC America,PFSMW,82.99,USD,,in_stock,"[""Sutures & Surgical Products""]",https://www.safcodental.com/product/coe-pak-trade-automix-nds,"Non-eugenol surgical dressing and periodontal pack that has no burning sensation, no unpleasant taste, no disagreeable odor and offers proven protection to surgical sites. Extremely pliable and cohesive; ropes of any length or thickness can be formed. Sets with resilient, non-brittle hardness.","[""https://www.safcodental.com/media/catalog/product/p/f/pfsmw.jpg?optimize=medium&fit=bounds&height=700&width=700&canvas=700:700""]",{},selector,1.0,[],2026-05-05T20:30:09.730962Z
Coe-Pak™,GC America,PFSJP,127.99,USD,,in_stock,"[""Sutures & Surgical Products""]",https://www.safcodental.com/product/coe-pak-trade,"Non-eugenol surgical dressing and periodontal pack that has no burning sensation, no unpleasant taste, no disagreeable odor and offers proven protection to surgical sites. Extremely plastic and cohesive; ropes of any length or thickness can be formed. Sets with resilient, non-brittle hardness.","[""https://www.safcodental.com/media/catalog/product/p/f/pfsjp.jpg?optimize=medium&fit=bounds&height=700&width=700&canvas=700:700""]",{},selector,1.0,[],2026-05-05T20:30:14.542462Z
Barricaid®,Dentsply Sirona,PFSGL,178.49,USD,,in_stock,"[""Sutures & Surgical Products""]",https://www.safcodental.com/product/barricaid-reg,"Visible light cured periodontal dressing in a convenient syringe delivery system for direct placement onto the surgical site. Forms a firm, elastic covering. Translucent pink for superior esthetics. Tasteless.","[""https://www.safcodental.com/media/catalog/product/p/f/pfsgl.jpg?optimize=medium&fit=bounds&height=700&width=700&canvas=700:700""]",{},selector,1.0,[],2026-05-05T20:30:16.682716Z
Surgicel®,Ethicon,PFPHJ,1118.99,USD,,in_stock,"[""Sutures & Surgical Products""]",https://www.safcodental.com/product/surgicel-reg,"Sterile, shear-weave, absorbable hemostat used to control bleeding in tooth extractions and oral surgery. Produced from oxidized regenerated cellulose to ensure purity and consistency. Fully absorbable within 7-14 days. Strong yet flexible and malleable to conform to irregular surfaces; may be folded or cut to size.","[""https://www.safcodental.com/media/catalog/product/p/f/pfphj.jpg?optimize=medium&fit=bounds&height=700&width=700&canvas=700:700""]",{},selector,1.0,[],2026-05-05T20:30:18.934181Z
ORCA™ Foam,Orca Products,PFPFS,104.99,USD,,in_stock,"[""Sutures & Surgical Products""]",https://www.safcodental.com/product/orca-sup-trade-sup-foam,"Absorbable gelatin sponge hemostat, USP. Provides reliable and rapid hemostasis during dental surgical procedures.Offers fast and complete resorption in 3-7 days, no removal necessary.Ideal size for easy application.Absorbs up to 35x its weight.Aids in control of hemorrhage in surgical or extraction sites.Individually packaged, sterile cubes prevent cross-contamination.Excellent carrier medium for fluids such as antibiotics or ORCA Dry Socket.","[""https://www.safcodental.com/media/catalog/product/p/f/pfpfs.jpg?optimize=medium&fit=bounds&height=700&width=700&canvas=700:700""]",{},selector,1.0,[],2026-05-05T20:30:21.062906Z
PeriAcryl® 90,GluStitch,PFPFR,146.99,USD,,in_stock,"[""Sutures & Surgical Products""]",https://www.safcodental.com/product/periacryl-reg-90,Cyanoacrylate oral tissue adhesive used in dental surgeries. High viscosity formula provides increased control for precision application and less waste. Hemostatic and bacteriostatic. Violet color.Refrigeration required; this product is stored under refrigeration at Safco.,"[""https://www.safcodental.com/media/catalog/product/p/f/pfpfr.jpg?optimize=medium&fit=bounds&height=700&width=700&canvas=700:700""]",{},selector,1.0,[],2026-05-05T20:30:21.790075Z
Orca™ Dry Socket,Orca Products,PFPFQ,122.95,USD,,in_stock,"[""Sutures & Surgical Products""]",https://www.safcodental.com/product/orca-trade-dry-socket,"Non-medicated, clinically proven formula for relief from dry sockets and oral pain. Consists of essential oils and other natural ingredients. Place 8 to 10 drops onto a resorbable gelatin sponge or gauze strip directly to dry socket or areas of discomfort.","[""https://www.safcodental.com/media/catalog/product/p/f/pfpfq.jpg?optimize=medium&fit=bounds&height=700&width=700&canvas=700:700""]",{},selector,1.0,[],2026-05-05T20:30:24.817244Z
HeliTape®,Integra Miltex,PFPFP,228.99,USD,,in_stock,"[""Sutures & Surgical Products""]",https://www.safcodental.com/product/helitape-reg,"Thin, soft, pliable collagen tape used for dressing minor wounds. Tape accelerates wound healing and is absorbed into the body after 10 to 14 days. Sterile and individually packaged.","[""https://www.safcodental.com/media/catalog/product/p/f/pfpfp.jpg?optimize=medium&fit=bounds&height=700&width=700&canvas=700:700""]",{},selector,1.0,[],2026-05-05T20:30:27.175590Z
Integra® Miltex® HeliCote®,Integra Miltex,PFPFM,173.99,USD,,in_stock,"[""Sutures & Surgical Products""]",https://www.safcodental.com/product/integra-sup-reg-sup-miltex-sup-reg-sup-helicote-sup-reg-sup,"Collagen Wound DressingIntegra Miltex absorbable collagen wound dressing products are used to help control bleeding and protect the wound site in order for the healing process to begin. For application to moist or bleeding clean oral wounds created during dental surgery, and to protect the surface of the wound from further injury. Collagen wound dressing products are reabsorbed by the body within 10 to 14 days after placement. These collagen products are packaged in individual clam shells with an easy-to-peel backing, making it easy for clinicians to open packages during procedures.Helps control bleeding10 to 14 day absorptionSterile, individually packaged dressings","[""https://www.safcodental.com/media/catalog/product/p/f/pfpfm.jpg?optimize=medium&fit=bounds&height=700&width=700&canvas=700:700""]",{},selector,1.0,[],2026-05-05T20:30:28.809013Z
ActCel,Coreva Health Sciences,PFPAJ,108.29,USD,,in_stock,"[""Sutures & Surgical Products""]",https://www.safcodental.com/product/actcel,Hemostatic non-resorbable gauze. For external use. Absorbs exudates such as blood or other bodily fluids. Easy to cut to any size or shape. Dispensed in individual sterile pouches.,"[""https://www.safcodental.com/media/catalog/product/p/f/pfpaj.jpg?optimize=medium&fit=bounds&height=700&width=700&canvas=700:700""]",{},selector,1.0,[],2026-05-05T20:30:31.064166Z
Myco Medical Technocut® Disposable Scalpels,Myco Medical,PFLXA,8.99,USD,,in_stock,"[""Sutures & Surgical Products""]",https://www.safcodental.com/product/myco-medical-technocut-reg-disposable-scalpels,"Non-slip, clear shield improves safety and enables easy blade size identificationErgonomic, non-slip plastic handle with integrated metric ruler for convenienceScalpel blades produced from high-quality Swiss stainless steel100% automated inspection verifies the blade to handle attachmentCold-staking used for attaching blade to handle, improving consistencyScalpels manufactured in facilities that conform to ISO 13485","[""https://www.safcodental.com/media/catalog/product/p/f/pflxa.jpg?optimize=medium&fit=bounds&height=700&width=700&canvas=700:700""]",{},selector,1.0,[],2026-05-05T20:30:33.084516Z
Myco Medical GLASSVAN® Scalpel Blades,Myco Medical,PFLWR,24.99,USD,,in_stock,"[""Sutures & Surgical Products""]",https://www.safcodental.com/product/myco-medical-nbsp-glassvan-reg-scalpel-blades,"GLASSVAN® Surgical Blades have been trusted by users around the world for more than 25 years.Automated grinding and proprietary polishing process ensure consistent, clean, and sharp cutting edgesProduced from high quality Swiss carbon steelTwo VCI strips ensure product and packaging integrity and reduce risk of blade piercing the foilManufactured in FDA-inspected facilities and conform to ISO-7740 and ISO-13485Carbon steel and stainless-steel blades are available sterile in sizes 10-25, with select sizes also available non-sterile.","[""https://www.safcodental.com/media/catalog/product/p/f/pflwr.jpg?optimize=medium&fit=bounds&height=700&width=700&canvas=700:700""]",{},selector,1.0,[],2026-05-05T20:30:35.044448Z
Safety Scalpels,Integra Miltex,PFLVZ,38.49,USD,,in_stock,"[""Sutures & Surgical Products""]",https://www.safcodental.com/product/safety-scalpels,"Retractable blade scalpel offers ultimate safety.Sterile Stainless steel, razor-sharp cutting edge.Advance blade with slider in one motion.Blade locks into place with audible confirmation.Retract with one motion to protected position.Metric ruler on each scalpel.Individually packaged.","[""https://www.safcodental.com/media/catalog/product/p/f/pflvz.jpg?optimize=medium&fit=bounds&height=700&width=700&canvas=700:700""]",{},selector,1.0,[],2026-05-05T20:30:36.809118Z
Disposable scalpels - Integra Miltex,Integra Miltex,PFLUN,19.49,USD,,in_stock,"[""Sutures & Surgical Products""]",https://www.safcodental.com/product/disposable-scalpels-integra-miltex,Sterile disposable scalpel; plastic handle with a stainless steel blade. Razor sharp for superior cutting and a clean incision.,"[""https://www.safcodental.com/media/catalog/product/p/f/pflun.jpg?optimize=medium&fit=bounds&height=700&width=700&canvas=700:700""]",{},selector,1.0,[],2026-05-05T20:30:38.700933Z
Disposable scalpels - Bard-Parker (BD),Bard-Parker,PFLUG,18.99,USD,,in_stock,"[""Sutures & Surgical Products""]",https://www.safcodental.com/product/disposable-scalpels-bard-parker-bd,"Sterile disposable scalpel with a stainless steel blade. Intended for tissue separation, and other procedures that require a sharp surgical blade to puncture or cut.Offers the superior cutting advantages of stainless steel technology.Consistent sharpness, control and strength.Uniquely packaged for safety and ease of use.Sterile.Not made with natural rubber latex","[""https://www.safcodental.com/media/catalog/product/p/f/pflug.jpg?optimize=medium&fit=bounds&height=700&width=700&canvas=700:700""]",{},selector,1.0,[],2026-05-05T20:30:39.896389Z
Surgical blades - Hu-Friedy,Hu-Friedy,PFLTA,94.99,USD,,in_stock,"[""Sutures & Surgical Products""]",https://www.safcodental.com/product/surgical-blades-hu-friedy,The Hu-Friedy surgical blades are single use carbon steel blades used for cutting gingival tissue and making surgical incisions. They are crafted from the finest materials for strength and durability. Both microsurgical and standard styles are offered to match clinician and procedural preferences.,"[""https://www.safcodental.com/media/catalog/product/p/f/pflta.jpg?optimize=medium&fit=bounds&height=700&width=700&canvas=700:700""]",{},selector,1.0,[],2026-05-05T20:30:43.379688Z
Disposable scalpels,Queens Surgical,PFLSE,10.49,USD,,in_stock,"[""Sutures & Surgical Products""]",https://www.safcodental.com/product/disposable-scalpels,Sterile disposable scalpel; plastic handle with stainless steel blade.,"[""https://www.safcodental.com/media/catalog/product/p/f/pflse.jpg?optimize=medium&fit=bounds&height=700&width=700&canvas=700:700""]",{},selector,1.0,[],2026-05-05T20:30:50.296385Z
"Myco Medical Glassvan® Microsurgical Blades, Carbon Steel",Myco Medical,PFLQT,8.49,USD,,in_stock,"[""Sutures & Surgical Products""]",https://www.safcodental.com/product/myco-medical-glassvan-reg-microsurgical-blades-carbon-steel,"GLASSVAN® surgical blades have been trusted by users around the world for more than 25 years.Automated grinding and proprietary polishing process ensure consistent, clean, and sharp cutting edgesProduced from high quality Swiss carbon steel.Two VCI strips ensure product and packaging integrity and reduce risk of blade piercing the foil.","[""https://www.safcodental.com/media/catalog/product/p/f/pflqt.jpg?optimize=medium&fit=bounds&height=700&width=700&canvas=700:700""]",{},selector,1.0,[],2026-05-05T20:30:52.546030Z
Scalpel Handles - Hu-Friedy,Hu-Friedy,PFLNB,37.99,USD,,in_stock,"[""Sutures & Surgical Products""]",https://www.safcodental.com/product/scalpel-handles-hu-friedy,The #3 style scalpel handle with metric ruler is used for cutting gingival tissue and making surgical incisions.The #5 Offset Angle Scalpel handle design is ideal for posterior and palatal areas with a 30 degree angleThe #5 European Round Scalpel Blade Handle is used for cutting gingival tissue and making surgical incisions. The round scalpel handle provides greater rotational movement with fingertip control and enhances dexterity.The #5 Straight Round Scalpel Blade Handle is used for cutting gingival tissue and making surgical incisions.,"[""https://www.safcodental.com/media/catalog/product/p/f/pflnb.jpg?optimize=medium&fit=bounds&height=700&width=700&canvas=700:700""]",{},selector,1.0,[],2026-05-05T20:30:54.302929Z
Surgical blade handles - Bard-Parker (BD),Bard-Parker,PFLMA,32.59,USD,,in_stock,"[""Sutures & Surgical Products""]",https://www.safcodental.com/product/surgical-blade-handles-bard-parker-bd,"Stainless steel. Handles are intended to be used for tissue separation, and other procedures that require a sharp surgical blade to puncture or cut.Consistent sharpness, control and strength surgeons demand.Uniquely packaged for safety and ease of use.Nonsterile.Sizes 3 fit blades sizes 10-15.Size 4 fits blade sizes 20-25.","[""https://www.safcodental.com/media/catalog/product/p/f/pflma.jpg?optimize=medium&fit=bounds&height=700&width=700&canvas=700:700""]",{},selector,1.0,[],2026-05-05T20:30:56.067933Z
Surgical blades,Queens Surgical,PFLJQ,16.99,USD,,in_stock,"[""Sutures & Surgical Products""]",https://www.safcodental.com/product/surgical-blades,"Box of 100 single-use blades, in sterile foil packs.","[""https://www.safcodental.com/media/catalog/product/p/f/pfljq.jpg?optimize=medium&fit=bounds&height=700&width=700&canvas=700:700""]",{},selector,1.0,[],2026-05-05T20:30:58.628768Z
Aquasoft,Halyard,DRCBT,31.49,USD,,in_stock,"[""Dental Exam Gloves""]",https://www.safcodental.com/product/aquasoft,"Powder-free nitrile exam gloves.Ultra-thin with a silky, snug fit. Easy to don.Textured fingertip finishBeaded cuffChlorinatedAmbidextrousBlueThickness: at palm 2.8mils; at fingertips 3.1 mils300 gloves per boxOrder 10 boxes to purchase a case","[""https://www.safcodental.com/media/catalog/product/d/r/drcbt.jpg?optimize=medium&fit=bounds&height=700&width=700&canvas=700:700""]",{},selector,1.0,[],2026-05-05T20:31:04.213612Z
BeeSure SuperSlim Nitrile,EcoBee,DRCBO,19.99,USD,,in_stock,"[""Dental Exam Gloves""]",https://www.safcodental.com/product/beesure-reg-superslim-trade-nitrile,Powder-free nitrile exam gloves.Super soft and stretchy for comfortable extended wear.Textured fingertip finishBeaded cuffNon-chlorinatedAmbidextrousCobalt blue colorThickness: at palm 2.0 mils; at fingertips 2.0 mils300 gloves per boxOrder 10 boxes to purchase a case,"[""https://www.safcodental.com/media/catalog/product/d/r/drcbo.jpg?optimize=medium&fit=bounds&height=700&width=700&canvas=700:700""]",{},selector,1.0,[],2026-05-05T20:31:06.120850Z
Microflex Ultraform,Ansell,DRCBJ,33.49,USD,,in_stock,"[""Dental Exam Gloves""]",https://www.safcodental.com/product/microflex-sup-reg-sup-ultraform-sup-trade-sup,Powder-free nitrile exam gloves.Ultra-soft and form fitting.Textured fingertip finishBeaded cuffChlorinatedAmbidextrousCobalt blue colorThickness: at palm 2.0 mils; at fingertip 3.1 mils300 gloves per box (250 for x-large)Order 10 boxes to purchase a case,"[""https://www.safcodental.com/media/catalog/product/d/r/drcbj.jpg?optimize=medium&fit=bounds&height=700&width=700&canvas=700:700""]",{},selector,1.0,[],2026-05-05T20:31:08.347438Z
Lavender Nitrile,Halyard,DRCAS,28.99,USD,,in_stock,"[""Dental Exam Gloves""]",https://www.safcodental.com/product/lavender-nitrile,Powder-free nitrile exam gloves.Soft and strong; one of the thinnest nitrile gloves on the market. Thicker and longer cuff!Textured fingertipsBeaded cuffLow dermatitis potentialAmbidextrousLavender colorThickness: at palm 2.0 mils; at fingertip 2.8 mils250 gloves per box (230 for x-large)Order 10 boxes to purchase a case,"[""https://www.safcodental.com/media/catalog/product/d/r/drcas.jpg?optimize=medium&fit=bounds&height=700&width=700&canvas=700:700""]",{},selector,1.0,[],2026-05-05T20:31:10.097135Z
Alasta,Dash,DRCAN,10.49,USD,,in_stock,"[""Dental Exam Gloves""]",https://www.safcodental.com/product/alasta-sup-reg-sup,Soft-Fit™ powder-free nitrile exam gloves.Textured whole hand finishBeaded cuffNon-chlorinatedAmbidextrousBlue colorThickness: at palm 3.1 mils; at fingertip 3.9 mils; ± 1.2Order 10 boxes to purchase a case,"[""https://www.safcodental.com/media/catalog/product/d/r/drcan.jpg?optimize=medium&fit=bounds&height=700&width=700&canvas=700:700""]",{},selector,1.0,[],2026-05-05T20:31:12.224955Z
Aurelia Amazing,Supermax,DRCBM,20.99,USD,,in_stock,"[""Dental Exam Gloves""]",https://www.safcodental.com/product/aurelia-reg-amazing-reg,Powder-free nitrile exam gloves.Thinner and more flexible than standard nitrile.Textured fingertip finishBeaded cuffChlorinatedAmbidextrousPurple colorThickness: at palm 2.0 mils; at fingertips 3.0 mils300 gloves per box (270 for x-large)Order 10 boxes to purchase a case,"[""https://www.safcodental.com/media/catalog/product/d/r/drcbm.jpg?optimize=medium&fit=bounds&height=700&width=700&canvas=700:700""]",{},selector,1.0,[],2026-05-05T20:31:14.709663Z
Aqua Source,Cranberry,DRCBL,19.99,USD,,in_stock,"[""Dental Exam Gloves""]",https://www.safcodental.com/product/aqua-source-reg,Powder-free nitrile exam gloves.Natural form-fitting gloves coated with lanolin and Vitamin E.Textured whole hand finishBeaded cuffChlorinatedAmbidextrousAqua colorThickness: at palm 3.2 mils; at fingertips 4.0 mils200 gloves per boxOrder 10 boxes to purchase a case,"[""https://www.safcodental.com/media/catalog/product/d/r/drcbl_2.jpg?optimize=medium&fit=bounds&height=700&width=700&canvas=700:700""]",{},selector,1.0,[],2026-05-05T20:31:16.130631Z
Xlim,Cranberry,DRCAJ,8.99,USD,,in_stock,"[""Dental Exam Gloves""]",https://www.safcodental.com/product/xlim-reg,Powder-free nitrile exam gloves.Textured fingertip finishBeaded cuffNon-chlorinatedAmbidextrousBlue colorThickness: at palm 2.4 mils; at fingertip 3.2 mils100 gloves per boxOrder 10 boxes to purchase a case,"[""https://www.safcodental.com/media/catalog/product/d/r/drcaj_2.jpg?optimize=medium&fit=bounds&height=700&width=700&canvas=700:700""]",{},selector,1.0,[],2026-05-05T20:31:18.197691Z
Aurelia Vibrant,Supermax,DRBAS,7.99,USD,,in_stock,"[""Dental Exam Gloves""]",https://www.safcodental.com/product/aurelia-reg-vibrant-trade,Powder-free latex exam gloves.Micro-textured finishBeaded cuffChlorinatedAmbidextrous50μg or less of latex proteinNatural color100 gloves per boxOrder 10 boxes to purchase a case,"[""https://www.safcodental.com/media/catalog/product/d/r/drbas.jpg?optimize=medium&fit=bounds&height=700&width=700&canvas=700:700""]",{},selector,1.0,[],2026-05-05T20:31:20.302127Z
Compac Nitrile,Cranberry,DRCDM,8.49,USD,,in_stock,"[""Dental Exam Gloves""]",https://www.safcodental.com/product/compac-nitrile,"The unique polybag storage design provides up to 2x greater packing efficiency compared to traditional glove boxes, helping optimize space in clinical environments. A secure single-glove dispensing system supports faster and more efficient patient care preparation, while the cuff-first dispensing method helps reduce cross-contamination by up to 89% and minimizes unnecessary touch points.Fingertip texturedAmbidextrousNon-sterile100 gloves per bag20 bags per case","[""https://www.safcodental.com/media/catalog/product/c/r/cranberry_drcdm_4710154.jpg?optimize=medium&fit=bounds&height=700&width=700&canvas=700:700""]",{},selector,1.0,[],2026-05-05T20:31:22.261683Z
RevoSoft,Cranberry,DRCCR,22.99,USD,,in_stock,"[""Dental Exam Gloves""]",https://www.safcodental.com/product/revosoft-reg-nitrile-gloves,"Nitrile powder-free exam gloves.Unique nitrile formulation created for enhanced ease of use, softness, and fit. Improved fingertip texture offers superior handling and control.Textured fingertip finishBeaded cuffAmbidextrousBlue colorThickness: at palm 2.0 mils; at fingertip 2.8 milsOrder 10 boxes to purchase a case","[""https://www.safcodental.com/media/catalog/product/d/r/drccr_2.jpg?optimize=medium&fit=bounds&height=700&width=700&canvas=700:700""]",{},selector,1.0,[],2026-05-05T20:31:24.322491Z
Crave,Cranberry,DRCCA,19.49,USD,,in_stock,"[""Dental Exam Gloves""]",https://www.safcodental.com/product/crave-trade,Powder-free nitrile exam glove with lanolin and Vitamin E.Textured fingertip finishBeaded cuffNon-chlorinatedAmbidextrousBlue colorVitamin E and lanolin coatedThickness: at palm 3.5 mils; at fingertip 3.8 mils200 gloves per boxOrder 10 boxes to purchase a case,"[""https://www.safcodental.com/media/catalog/product/d/r/drcca_2.jpg?optimize=medium&fit=bounds&height=700&width=700&canvas=700:700""]",{},selector,1.0,[],2026-05-05T20:31:26.193220Z
Safco Nitrilex Black,Safco,DRCCX,13.29,USD,,in_stock,"[""Dental Exam Gloves""]",https://www.safcodental.com/product/safco-nitrilex-black,Powder-free nitrile exam gloves.Our strongest and thinnest nitrile glove yet. Designed to preserve the sensitivity you have come to expect from the Nitrilex line of gloves.Textured fingertip finishBeaded cuffNon-chlorinatedAmbidextreousBlack colorPolymer coated for easy donningThickness: at palm 2.0 mils; at fingertip 2.3 mils200 gloves per boxOrder 10 boxes to purchase a case,"[""https://www.safcodental.com/media/catalog/product/d/r/drccx.jpg?optimize=medium&fit=bounds&height=700&width=700&canvas=700:700""]",{},selector,1.0,[],2026-05-05T20:31:28.322944Z
Halyard Black Nitrile,Halyard,DRCDL,8.29,USD,,in_stock,"[""Dental Exam Gloves""]",https://www.safcodental.com/product/halyard-black-nitrile,"HALYARD* Black Nitrile Exam Gloves deliver dependable protection and professional performance for dental professionals. Perfect for clinical and hygiene procedures, these nitrile gloves provide excellent tactile sensitivity and a secure grip with textured fingertips for confident instrument handling. The sleek black color conceals stains, maintaining a clean, modern look in any dental setting. Each box contains 100 gloves in a SMARTPULL* Dispenser designed to reduce waste, improve efficiency, and save valuable operatory space.","[""https://www.safcodental.com/media/catalog/product/d/r/drcdl.jpg?optimize=medium&fit=bounds&height=700&width=700&canvas=700:700""]",{},selector,1.0,[],2026-05-05T20:31:30.515075Z
Alasta Pro,Dash,DRCDK,23.49,USD,,in_stock,"[""Dental Exam Gloves""]",https://www.safcodental.com/product/alasta-pro,"Make glove changes faster and easier with Alasta® PRO nitrile dental exam gloves, featuring innovative Glide Assist™ technology that helps you slide into gloves effortlessly — even with damp hands. Designed for dental professionals, the Soft Fit™ formulation provides a comfortable, form-fitting feel that enhances dexterity during procedures.The professional medical blue color offers a clean, clinical look that complements any operatory setting. Alasta® PRO gloves are fentanyl-tested and chemo-approved, ensuring trusted protection for use in high-risk or clinical dental environments.Each box contains 200 premium nitrile gloves, offering exceptional value and efficiency for busy dental practices.","[""https://www.safcodental.com/media/catalog/product/d/r/drcdk.jpg?optimize=medium&fit=bounds&height=700&width=700&canvas=700:700""]",{},selector,1.0,[],2026-05-05T20:31:32.598066Z
Ocean Pacific NeoNatural,Medicom,DRDAS,23.49,USD,,in_stock,"[""Dental Exam Gloves""]",https://www.safcodental.com/product/ocean-pacific-sup-reg-sup-neonatural-sup-trade-sup,Powder-free chloroprene examination gloves.Polychlorprene exam gloves combine the softness of latex with the strength of nitrile for reliable protection without sacrificing comfort or dexterity.Textured fingertip finishBeaded cuffAmbidextrousEmerald green colorThickness: at palm 3.1 mils; at fingertip 4 mils100 gloves per boxOrder 10 boxes to purchase a case,"[""https://www.safcodental.com/media/catalog/product/d/r/drdas.jpg?optimize=medium&fit=bounds&height=700&width=700&canvas=700:700""]",{},selector,1.0,[],2026-05-05T20:31:38.594612Z
True Comfort Blu,Dash,DRDAQ,19.49,USD,,in_stock,"[""Dental Exam Gloves""]",https://www.safcodental.com/product/true-comfort-reg-blu,"Powder-free, latex-free, chloroprene examination gloves.Unrivaled wet grip, increased touch sensitivity, and silky smooth comfort. Chemotherapty drug rated.Textured fingertip finishBeaded cuffAmbidextrousOcean blue colorThickness: at palm 2.4 mils; at fingertip 3.1 milsTo purchase a full case, please order as qty of 10 boxes","[""https://www.safcodental.com/media/catalog/product/d/r/drdaq.jpg?optimize=medium&fit=bounds&height=700&width=700&canvas=700:700""]",{},selector,1.0,[],2026-05-05T20:31:40.589561Z
Neogard,Ansell,DRDAF,32.99,USD,,in_stock,"[""Dental Exam Gloves""]",https://www.safcodental.com/product/microflex-sup-reg-sup-neogard-sup-reg-sup,Powder-free chloroprene exam gloves.Exceptional tactile sensitivity. Excellent wet and dry grip. Stretchy soft comfort.Textured fingertip finishBeaded cuffAmbidextrousChloroprenePolymer coated for easy donningGreen colorThickness: at palm 3.9 mils; at fingertip 5.1 mils100 gloves per boxOrder 10 boxes to purchase a case,"[""https://www.safcodental.com/media/catalog/product/d/r/drdaf.jpg?optimize=medium&fit=bounds&height=700&width=700&canvas=700:700""]",{},selector,1.0,[],2026-05-05T20:31:42.444097Z
Black Maxx,Dash,DRCDI,24.99,USD,,in_stock,"[""Dental Exam Gloves""]",https://www.safcodental.com/product/black-maxx-sup-reg-sup,Powder-free nitrile exam gloves.Proprietary inner coating helps gloves glide on damp hands easily.Textured fingertip finishBeaded cuffAmbidextrousBlack colorPolymer coatedThickness: at palm 2.8 mils; at fingertip 3.9 milsOrder 10 boxes to purchase a case,"[""https://www.safcodental.com/media/catalog/product/d/r/drcdi.jpg?optimize=medium&fit=bounds&height=700&width=700&canvas=700:700""]",{},selector,1.0,[],2026-05-05T20:31:44.594750Z
GloveUp,Dash,DRCDH,30.99,USD,,in_stock,"[""Dental Exam Gloves""]",https://www.safcodental.com/product/gloveup-sup-reg-sup,Powder-free nitrile exam gloves.Textured fingertip finishBeaded cuffAmbidextrousCobalt colorThickness: at palm 1.9 mils; at fingertip 3.1 milsOrder 10 boxes to purchase a case,"[""https://www.safcodental.com/media/catalog/product/d/r/drcdh.jpg?optimize=medium&fit=bounds&height=700&width=700&canvas=700:700""]",{},selector,1.0,[],2026-05-05T20:31:46.510546Z
Bio Nitrile,Cranberry,DRCDG,23.99,USD,,in_stock,"[""Dental Exam Gloves""]",https://www.safcodental.com/product/bio-nitrile-sup-reg-sup,BioNitrile gloves are made with advanced biodegradable materials that break down 90% in less than 1.5 years. This reduces permanent waste and means less greenhouse gas emissions.Textured fingertip finishBeaded cuffAmbidextrousBlue colorThickness at palm 2.0 milsThickness at fingertip 2.2 mils300 gloves per box (250 size XL)Order 10 boxes to purchase a case.,"[""https://www.safcodental.com/media/catalog/product/d/r/drcdg.jpg?optimize=medium&fit=bounds&height=700&width=700&canvas=700:700""]",{},selector,1.0,[],2026-05-05T20:31:48.656436Z
Carbon Air,Cranberry,DRCCY,23.79,USD,,in_stock,"[""Dental Exam Gloves""]",https://www.safcodental.com/product/carbon-reg-air,"Powder-free nitrile exam gloves.Exceptionally strong and flexible formulation prevents tearing, especially while donning.Textured fingertip finishBeaded cuffAmbidextrousBlackThickness: at palm 2.0mils; at fingertips 2.7mils300 gloves per box (250 for x-large)Order 10 boxes to purchase a case","[""https://www.safcodental.com/media/catalog/product/d/r/drccy_2.jpg?optimize=medium&fit=bounds&height=700&width=700&canvas=700:700""]",{},selector,1.0,[],2026-05-05T20:31:50.169239Z
BeeSure UltraSlim Nitrile,EcoBee,DRCCW,25.49,USD,,in_stock,"[""Dental Exam Gloves""]",https://www.safcodental.com/product/beesure-ultraslim-nitrile,Powder-free nitrile exam gloves.Ultra tactile and donning ease.Textured fingertip finishBeaded cuffAmbidextrousBlue colorThickness: at palm 2.0 mils; at fingertip 3.5 mils350 gloves per box (Large size 300 gloves per box)Order 10 boxes to purchase a case,"[""https://www.safcodental.com/media/catalog/product/d/r/drccw.jpg?optimize=medium&fit=bounds&height=700&width=700&canvas=700:700""]",{},selector,1.0,[],2026-05-05T20:31:52.314838Z
Alasta Shimmer Pink Nitrile,Dash,DRCCV,13.49,USD,,in_stock,"[""Dental Exam Gloves""]",https://www.safcodental.com/product/alasta-sup-reg-sup-shimmer-pink-nitrile,"Powder-free nitrile exam gloves.Pink for a cause: for every case sold, DASH® Medical donates $1 to The American Cancer SocietyTextured fingertip finishBeaded cuffAmbidextrousPink colorTested for use with chemotherapy drugsThickness: at palm 2.8 mils; at fingertips 3.9 mils100 gloves per boxOrder 10 boxes to purchase a case","[""https://www.safcodental.com/media/catalog/product/d/r/drccv.jpg?optimize=medium&fit=bounds&height=700&width=700&canvas=700:700""]",{},selector,1.0,[],2026-05-05T20:31:54.299213Z
Microflex Xceed,Ansell,DRCBC,34.49,USD,,in_stock,"[""Dental Exam Gloves""]",https://www.safcodental.com/product/microflex-reg-xceed-reg,"Powder-free nitrile examination gloves.Microflex XCEED gloves are manufactured without sulfur-based chemical accelerants for low dermatitis potential and prevent instances of Type 1 latex allergies and Type IV chemical allergic reactions. Boasts stronger formulation to protect against rips and tears while keeping the same tactile sensitivity. Designed with proprietary ergonomic design technology to support musculoskeletal health and increase worker productivity. With low 0.65 AQL, these gloves offer advanced barrier integrity.The 1st exam glove certified as ergonomic by US Ergo.Textured fingertip finishBeaded cuffChlorinatedAmbidextrousBlue colorThickness: at palm 2.8 mils; at fingertip 3.5 mils250 gloves per box (230 for x-large)Order 10 boxes to purchase a case","[""https://www.safcodental.com/media/catalog/product/d/r/drcbc.jpg?optimize=medium&fit=bounds&height=700&width=700&canvas=700:700""]",{},selector,1.0,[],2026-05-05T20:31:56.248277Z
BeeSure Nitrile,EcoBee,DRCAZ,8.99,USD,,in_stock,"[""Dental Exam Gloves""]",https://www.safcodental.com/product/beesure-sup-reg-sup-nitrile,Powder-free nitrile exam gloves.Ultrasoft nitrile formulation for latex-like comfort.Textured fingertip finishBeaded cuffNon-chlorinatedAmbidextrousBlue colorThickness: at palm 3 mils; at fingertip 4 mils; ± 0.8100 gloves per boxOrder 10 boxes to purchase a case.,"[""https://www.safcodental.com/media/catalog/product/d/r/drcaz.jpg?optimize=medium&fit=bounds&height=700&width=700&canvas=700:700""]",{},selector,1.0,[],2026-05-05T20:31:57.254939Z
Alasta Aloe,Dash,DRCAU,12.99,USD,,in_stock,"[""Dental Exam Gloves""]",https://www.safcodental.com/product/alasta-reg-aloe,"Soft-Fit™ powder-free nitrile exam gloves.The Alasta Aloe nitrile exam gloves are a great choice for those who care for their hands. Experience the power of certified organic aloe, skin friendly design, and the Soft Fit™ thin nitrile formulation. When you need nitrile gloves but want the comfort and performance of latex.Organic aloe provides soothing benefit to dry, irritated skinSkin friendly nitrile formulation lowers risk of developing contact dermatitisGlides on damp hands easilyThin design delivers increased touch sensitivityCool green color","[""https://www.safcodental.com/media/catalog/product/d/r/drcau.jpg?optimize=medium&fit=bounds&height=700&width=700&canvas=700:700""]",{},selector,1.0,[],2026-05-05T20:32:00.119553Z
Safco EZ Green Chloroprene,Safco,DRDAP,17.99,USD,,in_stock,"[""Dental Exam Gloves""]",https://www.safcodental.com/product/safco-ez-green-chloroprene,Powder-free chloroprene examination gloves.Similar feel and elasticity to that of latex without the risk of allergic reation to latex proteins. Provides supreme tactile sensitivity.Textured fingertip finishBeaded cuffAmbidextreousGreen colorThickness: at palm 3.0 mils; at fingertips 3.5 mils200 gloves per boxOrder 10 boxes to purchase a case,"[""https://www.safcodental.com/media/catalog/product/d/r/drdap.jpg?optimize=medium&fit=bounds&height=700&width=700&canvas=700:700""]",{},selector,1.0,[],2026-05-05T20:32:02.365437Z
Safco Nitrilex Soothe,Safco,DRCDJ,15.99,USD,,in_stock,"[""Dental Exam Gloves""]",https://www.safcodental.com/product/safco-nitrilex-soothe,"Powder-free nitrile exam gloves.Our reliably strong and thin nitrile glove, but now with a colloidal oatmeal coating. This is specifically formulated to lock in moisture, giving your skin a chance to rehydrate from handwashing. Designed to soften your skin and soothe itching, our anti-inflammatory properties make our Safco Nitrilex Soothe perfect for clinicians with dry skin, returning your hands to their natural PH balance.Made in MalaysiaTextured fingertip finishBeaded cuffNon-chlorinatedAmbidextreousChemotherapy drug tested per ASTM D6978Robin Egg Blue colorMoisturizing anti-irritant and anti-inflammatory colloidal oatmeal coatedThickness: at palm 2.5 mils; at fingertip 3.3 milsTo purchase a full case, please order as qty of 10","[""https://www.safcodental.com/media/catalog/product/d/r/drcdj.jpg?optimize=medium&fit=bounds&height=700&width=700&canvas=700:700""]",{},selector,1.0,[],2026-05-05T20:32:04.604972Z
Safco Nitrilex Surpass nitrile gloves,Safco,DRCCS,15.99,USD,,in_stock,"[""Dental Exam Gloves""]",https://www.safcodental.com/product/safco-nitrilex-surpass-trade,Powder-free nitrile exam gloves.A comfortable glove you can wear all day without fatigue. Designed to exceed your expectations in durability and comfort while maintaining tactile sensitivity. Features textured fingertips with the strength you have come to expect in our Nitrilex line of exam gloves. ASTM D6978 tested and approved for use with chemotherapy drugs.Textured fingertip finishBeaded cuffNon-chlorinatedAmbidextrousBlue colorThickness: at palm 3.2 mils; at fingertip 3.5 mils300 gloves per boxOrder 10 boxes to purchase a caseFor full Dental Product Shopper reviewclick here.,"[""https://www.safcodental.com/media/catalog/product/d/r/drccs.jpg?optimize=medium&fit=bounds&height=700&width=700&canvas=700:700""]",{},selector,1.0,[],2026-05-05T20:32:05.286342Z
Safco Nitrilex Prevail,Safco,DRCCJ,15.99,USD,,in_stock,"[""Dental Exam Gloves""]",https://www.safcodental.com/product/safco-nitrilex-prevail-trade-nitrile-gloves,Powder-free nitrile exam gloves.Nitrilex Prevail preserves ultimate tactile sensitivity with the strength you have come to expect from our line of Nitrilex exam gloves.Textured fingertip finishBeaded cuffNon-chlorinatedAmbidextrousBlue colorPolymer coated for easy donningThickness at palm 2.5 mils; at fingertips 3.0 mils300 gloves per boxOrder 10 boxes to purchase a case,"[""https://www.safcodental.com/media/catalog/product/d/r/drccj.jpg?optimize=medium&fit=bounds&height=700&width=700&canvas=700:700""]",{},selector,1.0,[],2026-05-05T20:32:11.386516Z
Safco Nitrilex UltraSoft,Safco,DRCBN,13.29,USD,,in_stock,"[""Dental Exam Gloves""]",https://www.safcodental.com/product/safco-nitrilex-reg-ultrasoft-nitrile-gloves,"Powder-free nitrile exam gloves.Ultra-soft and form-fitting with a textured fingertip finish. Gloves dispense easily, one by one.Textured fingertip finishBeaded cuffChlorinatedAmbidextrousLavender blue colorThickness: at palm 3.2 mils; at fingertips 3.5 mils200 gloves per boxOrder 10 boxes to purchase a case","[""https://www.safcodental.com/media/catalog/product/d/r/drcbn.jpg?optimize=medium&fit=bounds&height=700&width=700&canvas=700:700""]",{},selector,1.0,[],2026-05-05T20:32:13.765388Z
Safco Nitrilex,Safco,DRCAL,6.49,USD,,in_stock,"[""Dental Exam Gloves""]",https://www.safcodental.com/product/safco-nitrilex-reg-nitrile-gloves,"Powder-free nitrile exam gloves.Soft, micro-textured formulation provides a more natural comfort and feel not typically found in other nitrile gloves. Easy-don formulation.Textured whole hand finishBeaded cuffChlorinatedAmbidextrousBlue colorThickness: at palm 4.3 mils; at fingertip 5.1 mils; ± 1.2100 gloves per boxOrder 10 boxes to purchase a case","[""https://www.safcodental.com/media/catalog/product/d/r/drcal.jpg?optimize=medium&fit=bounds&height=700&width=700&canvas=700:700""]",{},selector,1.0,[],2026-05-05T20:32:15.811254Z
Safco Durasoft Latex,Safco,DRBBK,6.99,USD,,in_stock,"[""Dental Exam Gloves""]",https://www.safcodental.com/product/safco-durasoft-trade-latex-gloves,Powder-free latex exam gloves.Safco’s natural latex provides an ultra-soft feel with the quality and value you’ve come to expect from Safco products.Whole-hand micro-textured finishBeaded cuffNon-chlorinatedAmbidextrous50μg or less of latex proteinNatural latex white100 gloves per boxOrder 10 boxes to purchase a case,"[""https://www.safcodental.com/media/catalog/product/d/r/drbbk.jpg?optimize=medium&fit=bounds&height=700&width=700&canvas=700:700""]",{},selector,1.0,[],2026-05-05T20:32:17.486631Z
Microflex Neogard Touch,Ansell,DRDAR,37.99,USD,,in_stock,"[""Dental Exam Gloves""]",https://www.safcodental.com/product/microflex-sup-reg-sup-neogard-trade-touch,"Powder-free chloroprene exam gloves.Thin, ultralight, neoprene exam glove designed for heightened tactile sensitivity. US Ergonomics certified for exceptional wet grip.Features ERGOFORM™ technology to reduce stress on joints, ligaments, and tendons in the hands and wrists.Textured fingertip finishBeaded cuffAmbidextrousGreen colorThickness: at palm 2.8 mils; at fingertip 3.5 mils200 gloves per box (180 per box in size XL)Order 10 boxes to purchase a case","[""https://www.safcodental.com/media/catalog/product/d/r/drdar.jpg?optimize=medium&fit=bounds&height=700&width=700&canvas=700:700""]",{},selector,1.0,[],2026-05-05T20:32:20.061668Z
AquaPrene,Cranberry,DRDAL,29.49,USD,,in_stock,"[""Dental Exam Gloves""]",https://www.safcodental.com/product/aquaprene-reg,Powder-free chloroprene examination gloves.Combines the comfort of latex and the strength of nitrile.Textured fingertip finishBeaded cuffAmbidextrousAqua blue colorThickness: at palm 2.8 mils; at fingertip3.5 mils; ±0.8200 gloves per boxOrder 10 boxes to purchase a case,"[""https://www.safcodental.com/media/catalog/product/d/r/drdal_2.jpg?optimize=medium&fit=bounds&height=700&width=700&canvas=700:700""]",{},selector,1.0,[],2026-05-05T20:32:21.795089Z
BeeSure NeoGrene,EcoBee,DRDAH,24.29,USD,,in_stock,"[""Dental Exam Gloves""]",https://www.safcodental.com/product/beesure-reg-neogrene-trade,Powder-free chloroprene examination gloves.Textured fingertip finishBeaded cuffAmbidextrousGreen colorPolymer coated for easy donningThickness: at palm 3.2 mils; at fingertip 3.4 mils; ±0.2200 gloves per boxOrder 10 boxes to purchase a case,"[""https://www.safcodental.com/media/catalog/product/d/r/drdah.jpg?optimize=medium&fit=bounds&height=700&width=700&canvas=700:700""]",{},selector,1.0,[],2026-05-05T20:32:23.695130Z
Quantum Blue,Quantum,DRCDE,8.59,USD,,in_stock,"[""Dental Exam Gloves""]",https://www.safcodental.com/product/quantum-blue,"Powder-free nitrile exam gloves.The soft and stretchy formulation of the Quantum Blue Nitrile Exam Glove provides for an exceptional fit and feel. Nonstick interior makes donning a breeze, even with damp hands. Micro-textured outer surface allows superior gripping of instruments. The super soft and stretchy formulation mimics the fit and feel of latex. Quantum Blue exam gloves are highly puncture and chemical resistant.Super soft and stretchyNon-stick inner surfaceFit: Ambidextrous4.0 MIL thickLength: 9.5""Beaded cuffMicro-textured outer surfaceColor: Vibrant blueIndustries: Dental, veterinarian, mortuary, cleaning, tattooCase Pack: 100 gloves per box, 10 boxes per caseFormerly called Cobalt Blue","[""https://www.safcodental.com/media/catalog/product/d/r/drcde.jpg?optimize=medium&fit=bounds&height=700&width=700&canvas=700:700""]",{},selector,1.0,[],2026-05-05T20:32:25.670148Z
TrueForm,SW Safety,DRCDC,12.99,USD,,in_stock,"[""Dental Exam Gloves""]",https://www.safcodental.com/product/trueform,"SW Safety TrueForm Exam Glove TF-95RB 3.1 MIL in Royal Blue. Medical grade glove with textured fingertips and reinforced palm. Perfect for dental, medical applications as well as veterinarian and dairy.","[""https://www.safcodental.com/media/catalog/product/d/r/drcdc.jpg?optimize=medium&fit=bounds&height=700&width=700&canvas=700:700""]",{},selector,1.0,[],2026-05-05T20:32:27.849043Z
Microflex MidKnight Touch,Ansell,DRCDB,8.99,USD,,in_stock,"[""Dental Exam Gloves""]",https://www.safcodental.com/product/microflex-reg-midknight-trade-touch,Powder-free nitrile exam gloves.ERGOFORM technology reduces muscle strain and improves comfortTextured fingertip finishBeaded cuffAmbidextrousBlack colorThickness: at palm 2.8 mils; at fingertip 4.3 mils100 gloves per boxOrder 10 boxes to purchase a case,"[""https://www.safcodental.com/media/catalog/product/d/r/drcdb.jpg?optimize=medium&fit=bounds&height=700&width=700&canvas=700:700""]",{},selector,1.0,[],2026-05-05T20:32:29.461932Z
Micro-Touch NitraFree Pink,Ansell,DRCDA,15.99,USD,,in_stock,"[""Dental Exam Gloves""]",https://www.safcodental.com/product/micro-touch-reg-nitrafree-trade-pink,"Powder-free nitrile exam gloves.Made from a durable and soft nitrile formulation manufactured without chemical accelerators, helping to protect the user from allergies.Textured fingertip finishBeaded cuffAmbidextrousPink colorThickness: at palm 3.1 mils; at fingertip 5.5 mils100 gloves per boxOrder 10 boxes to purchase a caseTested for use with chemotherapy drugs","[""https://www.safcodental.com/media/catalog/product/d/r/drcda.jpg?optimize=medium&fit=bounds&height=700&width=700&canvas=700:700""]",{},selector,1.0,[],2026-05-05T20:32:31.715806Z
Aurelia Bold,Supermax,DRCCN,7.99,USD,,in_stock,"[""Dental Exam Gloves""]",https://www.safcodental.com/product/aurelia-reg-bold-reg,Nitrile powder-free exam gloves.Maximum strength and durability.Fully-textured finish for improved gripBeaded cuffChlorinatedAmbidextrousBlack colorThickness: at palm 5.0 mils; at fingertips 6.0 mils100 gloves per boxOrder 10 boxes to purchase a case,"[""https://www.safcodental.com/media/catalog/product/d/r/drccn.jpg?optimize=medium&fit=bounds&height=700&width=700&canvas=700:700""]",{},selector,1.0,[],2026-05-05T20:32:33.895350Z
Aurelia Robust,Supermax,DRCCM,7.49,USD,,in_stock,"[""Dental Exam Gloves""]",https://www.safcodental.com/product/aurelia-sup-reg-sup-robust-sup-reg-sup,Powder-free nitrile exam gloves.High strength and durability. Approved for chemotherapy and fentanyl treatment.Micro-textured finish for improved gripBeaded cuffChlorinatedAmbidextrousBlue colorThickness: at palm 4.5 mils; at fingertips 6.0 mils100 gloves per boxOrder 10 boxes to purchase a case,"[""https://www.safcodental.com/media/catalog/product/d/r/drccm.jpg?optimize=medium&fit=bounds&height=700&width=700&canvas=700:700""]",{},selector,1.0,[],2026-05-05T20:32:35.682840Z
Aurelia Sonic 100,Supermax,DRCCL,6.99,USD,,in_stock,"[""Dental Exam Gloves""]",https://www.safcodental.com/product/aurelia-reg-sonic-reg-100,"Nitrile powder-free exam glovesThe same high tactility and lightweight comfort of Aurelia Sonic, but in a smaller count box to complement today’s more dynamic PPE environment.Textured fingertip finishBeaded cuffChlorinatedAmbidextrousIndigo blue colorThickness: at palm 2.2 mils; at fingertips 3.2 mils100 gloves per boxOrder 10 boxes to purchase a case","[""https://www.safcodental.com/media/catalog/product/d/r/drccl.jpg?optimize=medium&fit=bounds&height=700&width=700&canvas=700:700""]",{},selector,1.0,[],2026-05-05T20:32:37.620435Z
Luxe,Cranberry,DRCCK,25.99,USD,,in_stock,"[""Dental Exam Gloves""]",https://www.safcodental.com/product/luxe-trade,"Powder-free nitrile exam gloves.Coated with a blend of lanolin and Vitamin E to maximize moisture retention, and for easy donning.Textured fingertip finishBeaded cuffNon-chlorinatedAmbidextrousAzure blue colorThickness: at palm 2.5 mils; at fingertip 2.6 mils300 gloves per boxOrder 10 boxes to purchase a case","[""https://www.safcodental.com/media/catalog/product/d/r/drcck_2.jpg?optimize=medium&fit=bounds&height=700&width=700&canvas=700:700""]",{},selector,1.0,[],2026-05-05T20:32:39.516280Z
Aurelia Absolute,Supermax,DRCCI,16.49,USD,,in_stock,"[""Dental Exam Gloves""]",https://www.safcodental.com/product/aurelia-reg-absolute-trade,Powder-free nitrile exam gloves.Soft nitrile formulation with a high contrast black satin finish.Textured full finger finishBeaded cuffChlorinatedAmbidextrousBlack colorThickness: at palm 3.2 mils; at fingertip 4.0 mils200 gloves per boxOrder 10 boxes to purchase a case,"[""https://www.safcodental.com/media/catalog/product/d/r/drcci.jpg?optimize=medium&fit=bounds&height=700&width=700&canvas=700:700""]",{},selector,1.0,[],2026-05-05T20:32:44.958146Z
Inspire,Cranberry,DRCCH,23.49,USD,,in_stock,"[""Dental Exam Gloves""]",https://www.safcodental.com/product/inspire-trade,Powder-free nitrile exam gloves.InSoft™ formulation for increased comfort and minimal hand fatigue.Textured fingertip finishBeaded cuffNon-chlorinatedAmbidextrousAegean blue colorThickness: at palm 2.0 mils; at fingertip 2.3 mils300 gloves per box (250 for x-large)Order 10 boxes to purchase a case,"[""https://www.safcodental.com/media/catalog/product/d/r/drcch_2.jpg?optimize=medium&fit=bounds&height=700&width=700&canvas=700:700""]",{},selector,1.0,[],2026-05-05T20:32:47.162000Z
Carbon Nitrile,Cranberry,DRCCG,16.79,USD,,in_stock,"[""Dental Exam Gloves""]",https://www.safcodental.com/product/carbon-reg-nitrile,Powder-free nitrile exam gloves.Distinct black color to minimize visible stains.Textured fingertip finishBeaded cuffAmbidextrousBlack colorThickness: at palm 3.2 mils; at fingertip 3.4 mils200 gloves per boxOrder 10 boxes to purchase a case,"[""https://www.safcodental.com/media/catalog/product/d/r/drccg_2.jpg?optimize=medium&fit=bounds&height=700&width=700&canvas=700:700""]",{},selector,1.0,[],2026-05-05T20:32:48.966264Z
Transcend,Cranberry,DRCCC,15.99,USD,,in_stock,"[""Dental Exam Gloves""]",https://www.safcodental.com/product/transcend-trade,Powder-free nitrile exam gloves.Low Derma technology reduces the risk of skin irritation.Textured fingertip finishBeaded cuffChlorinatedAmbidextrousMatte blue colorThickness: at palm 2.5 mils; at fingertip 2.9 mils300 gloves per boxOrder 10 boxes to purchase a case,"[""https://www.safcodental.com/media/catalog/product/d/r/drccc_2.jpg?optimize=medium&fit=bounds&height=700&width=700&canvas=700:700""]",{},selector,1.0,[],2026-05-05T20:32:50.762447Z
BeeSure Glacier Nitrile,EcoBee,DRCBY,20.49,USD,,in_stock,"[""Dental Exam Gloves""]",https://www.safcodental.com/product/beesure-reg-glacier-nitrile,"Powder-free nitrile exam gloves.Natural, form-fitting gloves coated with lanolin and Vitamin E.Textured whole hand finishBeaded cuffChlorinatedAmbidextrousAqua colorThickness: at palm 3.2 mils; at fingertips 4.0 mils300 gloves per boxOrder 10 boxes to purchase a case","[""https://www.safcodental.com/media/catalog/product/d/r/drcby.jpg?optimize=medium&fit=bounds&height=700&width=700&canvas=700:700""]",{},selector,1.0,[],2026-05-05T20:32:52.875480Z
